{"parent":"minecraft:item/generated","textures":{"layer0":"minecraft:item/paper"},"overrides":[{"predicate":{"custom_model_data":10000},"model":"_iainternal:ia_auto_gen/icon_left_blue"},{"predicate":{"custom_model_data":10001},"model":"_iainternal:ia_auto_gen/icon_right_blue"},{"predicate":{"custom_model_data":10002},"model":"_iainternal:ia_auto_gen/icon_search"},{"predicate":{"custom_model_data":10003},"model":"_iainternal:ia_auto_gen/icon_cancel"},{"predicate":{"custom_model_data":10004},"model":"_iainternal:ia_auto_gen/icon_arrow_chest"},{"predicate":{"custom_model_data":10005},"model":"_iainternal:ia_auto_gen/icon_back_orange"},{"predicate":{"custom_model_data":10006},"model":"_iainternal:ia_auto_gen/icon_next_orange"},{"predicate":{"custom_model_data":100000},"model":"arrows:pixel"},{"predicate":{"custom_model_data":100001},"model":"arrows:ia_auto_gen/next"},{"predicate":{"custom_model_data":100002},"model":"arrows:ia_auto_gen/prev"},{"predicate":{"custom_model_data":100003},"model":"arrows:ia_auto_gen/eye"},{"predicate":{"custom_model_data":120001},"model":"candy:ia_auto_gen/red"},{"predicate":{"custom_model_data":120002},"model":"candy:ia_auto_gen/orange"},{"predicate":{"custom_model_data":120003},"model":"candy:ia_auto_gen/yellow"},{"predicate":{"custom_model_data":120004},"model":"candy:ia_auto_gen/lime"},{"predicate":{"custom_model_data":120005},"model":"candy:ia_auto_gen/light_blue"},{"predicate":{"custom_model_data":120006},"model":"candy:ia_auto_gen/cyan"},{"predicate":{"custom_model_data":120007},"model":"candy:ia_auto_gen/blue"},{"predicate":{"custom_model_data":120008},"model":"candy:ia_auto_gen/green"},{"predicate":{"custom_model_data":120009},"model":"candy:ia_auto_gen/brown"},{"predicate":{"custom_model_data":120010},"model":"candy:ia_auto_gen/purple"},{"predicate":{"custom_model_data":120011},"model":"candy:ia_auto_gen/magenta"},{"predicate":{"custom_model_data":120012},"model":"candy:ia_auto_gen/pink"},{"predicate":{"custom_model_data":120013},"model":"candy:ia_auto_gen/black"},{"predicate":{"custom_model_data":120014},"model":"candy:ia_auto_gen/gray"},{"predicate":{"custom_model_data":120015},"model":"candy:ia_auto_gen/light_gray"},{"predicate":{"custom_model_data":120016},"model":"candy:ia_auto_gen/white"},{"predicate":{"custom_model_data":120017},"model":"item/paper"}]}