{
	"credit": "Made with Blockbench",
	"textures": {
		"0": "paintball/pistoletas/skinai/gray",
		"1": "paintball/pistoletas/nuleistukoapsauga",
		"2": "paintball/pistoletas/vamzdelis",
		"particle": "paintball/pistoletas/skinai/gray"
	},
	"elements": [
		{
			"from": [6.1, 0, 10.1],
			"to": [9.9, 1.5, 13.9],
			"rotation": {"angle": 0, "axis": "y", "origin": [0, 0.5, 0]},
			"faces": {
				"north": {"uv": [0, 0, 3.8, 1.5], "texture": "#0", "tintindex": 0},
				"east": {"uv": [0, 0, 3.8, 1.5], "texture": "#0", "tintindex": 0},
				"south": {"uv": [0, 0, 3.8, 1.5], "texture": "#0", "tintindex": 0},
				"west": {"uv": [0, 0, 3.8, 1.5], "texture": "#0", "tintindex": 0},
				"up": {"uv": [0, 0, 3.8, 3.8], "texture": "#0", "tintindex": 0},
				"down": {"uv": [0, 0, 3.8, 3.8], "texture": "#0", "tintindex": 0}
			}
		},
		{
			"from": [6.5, 1, 9.25],
			"to": [9.5, 4, 12.25],
			"rotation": {"angle": -22.5, "axis": "x", "origin": [8, 4.5, 12]},
			"faces": {
				"north": {"uv": [0, 0, 3, 3], "texture": "#0", "tintindex": 0},
				"east": {"uv": [0, 0, 3, 3], "texture": "#0", "tintindex": 0},
				"south": {"uv": [0, 0, 3, 3], "texture": "#0", "tintindex": 0},
				"west": {"uv": [0, 0, 3, 3], "texture": "#0", "tintindex": 0},
				"up": {"uv": [0, 0, 3, 3], "texture": "#0", "tintindex": 0},
				"down": {"uv": [0, 0, 3, 3], "texture": "#0", "tintindex": 0}
			}
		},
		{
			"from": [6.499, 2.48728, 8.44744],
			"to": [9.499, 4.73728, 11.44744],
			"rotation": {"angle": -45, "axis": "x", "origin": [8, 4.48728, 9.94744]},
			"faces": {
				"north": {"uv": [0, 0, 3, 2.25], "texture": "#0", "tintindex": 0},
				"east": {"uv": [0, 0, 3, 2.25], "texture": "#0", "tintindex": 0},
				"south": {"uv": [0, 0, 3, 2.25], "texture": "#0", "tintindex": 0},
				"west": {"uv": [0, 0, 3, 2.25], "texture": "#0", "tintindex": 0},
				"up": {"uv": [0, 0, 3, 3], "texture": "#0", "tintindex": 0},
				"down": {"uv": [0, 0, 3, 3], "texture": "#0", "tintindex": 0}
			}
		},
		{
			"from": [6.5, 2.8389, 9.0073],
			"to": [9.5, 5.8389, 10.2573],
			"rotation": {"angle": 22.5, "axis": "x", "origin": [8, 4.3389, 10.2573]},
			"faces": {
				"north": {"uv": [0, 0, 3, 3], "rotation": 180, "texture": "#0", "tintindex": 0},
				"east": {"uv": [0, 0, 3, 1.25], "rotation": 90, "texture": "#0", "tintindex": 0},
				"south": {"uv": [0, 0, 3, 3], "texture": "#0", "tintindex": 0},
				"west": {"uv": [0, 0, 3, 1.25], "rotation": 270, "texture": "#0", "tintindex": 0},
				"up": {"uv": [0, 0, 3, 1.25], "texture": "#0", "tintindex": 0},
				"down": {"uv": [0, 0, 3, 1.25], "rotation": 180, "texture": "#0", "tintindex": 0}
			}
		},
		{
			"from": [6.501, 3.40308, 8.02647],
			"to": [9.501, 6.20308, 9.67647],
			"rotation": {"angle": 0, "axis": "x", "origin": [7.999, 4.90308, 11.67647]},
			"faces": {
				"north": {"uv": [0, 0, 3, 2.8], "rotation": 180, "texture": "#0", "tintindex": 0},
				"east": {"uv": [0, 0, 2.8, 1.65], "rotation": 90, "texture": "#0", "tintindex": 0},
				"south": {"uv": [0, 0, 3, 2.8], "texture": "#0", "tintindex": 0},
				"west": {"uv": [0, 0, 2.8, 1.65], "rotation": 270, "texture": "#0", "tintindex": 0},
				"up": {"uv": [0, 0, 3, 1.65], "texture": "#0", "tintindex": 0},
				"down": {"uv": [0, 0, 3, 1.65], "rotation": 180, "texture": "#0", "tintindex": 0}
			}
		},
		{
			"from": [6.5, 1.78652, 6.74796],
			"to": [9.5, 4.78652, 8.39796],
			"rotation": {"angle": 22.5, "axis": "x", "origin": [8, 3.28652, 12.39796]},
			"faces": {
				"north": {"uv": [0, 0, 3, 3], "rotation": 180, "texture": "#0", "tintindex": 0},
				"east": {"uv": [0, 0, 3, 1.65], "rotation": 90, "texture": "#0", "tintindex": 0},
				"south": {"uv": [0, 0, 3, 3], "texture": "#0", "tintindex": 0},
				"west": {"uv": [0, 0, 3, 1.65], "rotation": 270, "texture": "#0", "tintindex": 0},
				"up": {"uv": [0, 0, 3, 1.65], "texture": "#0", "tintindex": 0},
				"down": {"uv": [0, 0, 3, 1.65], "rotation": 180, "texture": "#0", "tintindex": 0}
			}
		},
		{
			"from": [6.499, -0.61912, 3.00732],
			"to": [9.499, 2.38088, 5.90732],
			"rotation": {"angle": 45, "axis": "x", "origin": [8, 0.88088, 11.90732]},
			"faces": {
				"north": {"uv": [0, 0, 3, 3], "rotation": 180, "texture": "#0", "tintindex": 0},
				"east": {"uv": [0, 0, 3, 2.9], "rotation": 90, "texture": "#0", "tintindex": 0},
				"south": {"uv": [0, 0, 3, 3], "texture": "#0", "tintindex": 0},
				"west": {"uv": [0, 0, 3, 2.9], "rotation": 270, "texture": "#0", "tintindex": 0},
				"up": {"uv": [0, 0, 3, 2.9], "texture": "#0", "tintindex": 0},
				"down": {"uv": [0, 0, 3, 2.9], "rotation": 180, "texture": "#0", "tintindex": 0}
			}
		},
		{
			"from": [6.5, 4.88604, 1.3612],
			"to": [9.5, 6.88604, 7.1112],
			"rotation": {"angle": 0, "axis": "y", "origin": [8, 6.38604, 5.1112]},
			"faces": {
				"north": {"uv": [0, 0, 3, 2], "rotation": 180, "texture": "#0", "tintindex": 0},
				"east": {"uv": [0, 0, 2, 5.75], "rotation": 90, "texture": "#0", "tintindex": 0},
				"south": {"uv": [0, 0, 3, 2], "texture": "#0", "tintindex": 0},
				"west": {"uv": [0, 0, 2, 5.75], "rotation": 270, "texture": "#0", "tintindex": 0},
				"up": {"uv": [0, 0, 3, 5.75], "texture": "#0", "tintindex": 0},
				"down": {"uv": [0, 0, 3, 5.75], "rotation": 180, "texture": "#0", "tintindex": 0}
			}
		},
		{
			"from": [7, 5.88604, -1.1388],
			"to": [9, 7.88604, 6.8612],
			"rotation": {"angle": 0, "axis": "y", "origin": [8, 6.38604, 5.1112]},
			"faces": {
				"north": {"uv": [0, 0, 2, 2], "rotation": 180, "texture": "#0", "tintindex": 0},
				"east": {"uv": [0, 0, 2, 8], "rotation": 90, "texture": "#0", "tintindex": 0},
				"south": {"uv": [0, 0, 2, 2], "texture": "#0", "tintindex": 0},
				"west": {"uv": [0, 0, 2, 8], "rotation": 270, "texture": "#0", "tintindex": 0},
				"up": {"uv": [0, 0, 2, 8], "texture": "#0", "tintindex": 0},
				"down": {"uv": [0, 0, 2, 8], "rotation": 180, "texture": "#0", "tintindex": 0}
			}
		},
		{
			"from": [7.25, 6.13604, -1.3888],
			"to": [8.75, 7.63604, -1.1388],
			"rotation": {"angle": 0, "axis": "y", "origin": [8, 6.38604, 5.1112]},
			"faces": {
				"north": {"uv": [0, 0, 1.5, 1.5], "rotation": 180, "texture": "#2"},
				"east": {"uv": [0, 0, 1.5, 0.25], "rotation": 90, "texture": "#2"},
				"south": {"uv": [0, 0, 1.5, 1.5], "texture": "#2"},
				"west": {"uv": [0, 0, 1.5, 0.25], "rotation": 270, "texture": "#2", "tintindex": 0},
				"up": {"uv": [0, 0, 1.5, 0.25], "texture": "#2"},
				"down": {"uv": [0, 0, 1.5, 0.25], "rotation": 180, "texture": "#2"}
			}
		},
		{
			"from": [7.5, 6.13604, 3.3612],
			"to": [8.5, 6.63604, 7.3612],
			"rotation": {"angle": -45, "axis": "x", "origin": [8, 8.38604, 5.1112]},
			"faces": {
				"north": {"uv": [0, 0, 1, 0.5], "rotation": 180, "texture": "#1"},
				"east": {"uv": [0, 0, 0.5, 4], "rotation": 90, "texture": "#1"},
				"south": {"uv": [0, 0, 1, 0.5], "texture": "#1"},
				"west": {"uv": [0, 0, 0.5, 4], "rotation": 270, "texture": "#1"},
				"up": {"uv": [0, 0, 1, 4], "texture": "#1"},
				"down": {"uv": [0, 0, 1, 4], "rotation": 180, "texture": "#1"}
			}
		},
		{
			"from": [7.5, 3.88604, 3.8612],
			"to": [8.5, 4.88604, 4.6112],
			"rotation": {"angle": 0, "axis": "y", "origin": [8, 6.38604, 5.1112]},
			"faces": {
				"north": {"uv": [0, 0, 1, 1], "rotation": 180, "texture": "#1"},
				"east": {"uv": [0, 0, 1, 0.75], "rotation": 90, "texture": "#1"},
				"south": {"uv": [0, 0, 1, 1], "texture": "#1"},
				"west": {"uv": [0, 0, 1, 0.75], "rotation": 270, "texture": "#1"},
				"up": {"uv": [0, 0, 1, 0.75], "texture": "#1"},
				"down": {"uv": [0, 0, 1, 0.75], "rotation": 180, "texture": "#1"}
			}
		},
		{
			"from": [7.5, 3.0676, 4.024],
			"to": [8.5, 4.0676, 4.774],
			"rotation": {"angle": -22.5, "axis": "x", "origin": [8, 3.5676, 4.399]},
			"faces": {
				"north": {"uv": [0, 0, 1, 1], "rotation": 180, "texture": "#1"},
				"east": {"uv": [0, 0, 1, 0.75], "rotation": 90, "texture": "#1"},
				"south": {"uv": [0, 0, 1, 1], "texture": "#1"},
				"west": {"uv": [0, 0, 1, 0.75], "rotation": 270, "texture": "#1"},
				"up": {"uv": [0, 0, 1, 0.75], "texture": "#1"},
				"down": {"uv": [0, 0, 1, 0.75], "rotation": 180, "texture": "#1"}
			}
		},
		{
			"from": [7.5, 1.78798, 3.07339],
			"to": [8.5, 2.78798, 3.82339],
			"rotation": {"angle": -45, "axis": "x", "origin": [8, 4.28798, 3.44839]},
			"faces": {
				"north": {"uv": [0, 0, 1, 1], "rotation": 180, "texture": "#1"},
				"east": {"uv": [0, 0, 1, 0.75], "rotation": 90, "texture": "#1"},
				"south": {"uv": [0, 0, 1, 1], "texture": "#1"},
				"west": {"uv": [0, 0, 1, 0.75], "rotation": 270, "texture": "#1"},
				"up": {"uv": [0, 0, 1, 0.75], "texture": "#1"},
				"down": {"uv": [0, 0, 1, 0.75], "rotation": 180, "texture": "#1"}
			}
		},
		{
			"from": [7.5, 3.18321, 5.2848],
			"to": [8.5, 3.93321, 6.2848],
			"rotation": {"angle": 22.5, "axis": "x", "origin": [8, 3.55821, 2.7848]},
			"faces": {
				"north": {"uv": [0, 0, 1, 0.75], "rotation": 180, "texture": "#1"},
				"east": {"uv": [0, 0, 1, 0.75], "rotation": 180, "texture": "#1"},
				"south": {"uv": [0, 0, 1, 0.75], "rotation": 180, "texture": "#1"},
				"west": {"uv": [0, 0, 1, 0.75], "rotation": 180, "texture": "#1"},
				"up": {"uv": [0, 0, 1, 1], "texture": "#1"},
				"down": {"uv": [0, 0, 1, 1], "texture": "#1"}
			}
		},
		{
			"from": [7.5, 1.87237, 5.87487],
			"to": [8.5, 2.62237, 6.87487],
			"rotation": {"angle": 0, "axis": "x", "origin": [8, 2.24737, 2.37487]},
			"faces": {
				"north": {"uv": [0, 0, 1, 0.75], "rotation": 180, "texture": "#1"},
				"east": {"uv": [0, 0, 1, 0.75], "rotation": 180, "texture": "#1"},
				"south": {"uv": [0, 0, 1, 0.75], "rotation": 180, "texture": "#1"},
				"west": {"uv": [0, 0, 1, 0.75], "rotation": 180, "texture": "#1"},
				"up": {"uv": [0, 0, 1, 1], "texture": "#1"},
				"down": {"uv": [0, 0, 1, 1], "texture": "#1"}
			}
		},
		{
			"from": [7.75, 2.99737, 5.87487],
			"to": [8.25, 3.49737, 6.37487],
			"rotation": {"angle": -45, "axis": "x", "origin": [8, 3.24737, 6.37487]},
			"faces": {
				"north": {"uv": [0, 0, 0.5, 0.5], "rotation": 180, "texture": "#2"},
				"east": {"uv": [0, 0, 0.5, 0.5], "rotation": 180, "texture": "#2"},
				"south": {"uv": [0, 0, 0.5, 0.5], "rotation": 180, "texture": "#2"},
				"west": {"uv": [0, 0, 0.5, 0.5], "rotation": 180, "texture": "#2"},
				"up": {"uv": [0, 0, 0.5, 0.5], "texture": "#2"},
				"down": {"uv": [0, 0, 0.5, 0.5], "texture": "#2"}
			}
		},
		{
			"from": [7.75, 3.20432, 5.87934],
			"to": [8.25, 3.70432, 6.37934],
			"rotation": {"angle": 22.5, "axis": "x", "origin": [8, 2.70432, 6.12934]},
			"faces": {
				"north": {"uv": [0, 0, 0.5, 0.5], "rotation": 180, "texture": "#2"},
				"east": {"uv": [0, 0, 0.5, 0.5], "rotation": 270, "texture": "#2"},
				"south": {"uv": [0, 0, 0.5, 0.5], "texture": "#2"},
				"west": {"uv": [0, 0, 0.5, 0.5], "rotation": 90, "texture": "#2"},
				"up": {"uv": [0, 0, 0.5, 0.5], "rotation": 180, "texture": "#2"},
				"down": {"uv": [0, 0, 0.5, 0.5], "texture": "#2"}
			}
		},
		{
			"from": [7.75, 3.53253, 6.24299],
			"to": [8.25, 5.03253, 6.74299],
			"rotation": {"angle": 0, "axis": "x", "origin": [8, 2.53253, 6.49299]},
			"faces": {
				"north": {"uv": [0, 0, 0.5, 1.5], "rotation": 180, "texture": "#2"},
				"east": {"uv": [0, 0, 1.5, 0.5], "rotation": 270, "texture": "#2"},
				"south": {"uv": [0, 0, 0.5, 1.5], "texture": "#2"},
				"west": {"uv": [0, 0, 1.5, 0.5], "rotation": 90, "texture": "#2"},
				"up": {"uv": [0, 0, 0.5, 0.5], "rotation": 180, "texture": "#2"},
				"down": {"uv": [0, 0, 0.5, 0.5], "texture": "#2"}
			}
		},
		{
			"from": [7.5, 1.2698, 6.84555],
			"to": [8.5, 2.0198, 7.84555],
			"rotation": {"angle": -22.5, "axis": "x", "origin": [8, 1.6448, 5.34555]},
			"faces": {
				"north": {"uv": [0, 0, 1, 0.75], "rotation": 180, "texture": "#1"},
				"east": {"uv": [0, 0, 1, 0.75], "rotation": 180, "texture": "#1"},
				"south": {"uv": [0, 0, 1, 0.75], "rotation": 180, "texture": "#1"},
				"west": {"uv": [0, 0, 1, 0.75], "rotation": 180, "texture": "#1"},
				"up": {"uv": [0, 0, 1, 1], "texture": "#1"},
				"down": {"uv": [0, 0, 1, 1], "texture": "#1"}
			}
		},
		{
			"from": [7.5, 0.37745, 8.26582],
			"to": [8.5, 1.12745, 10.26582],
			"rotation": {"angle": -45, "axis": "x", "origin": [8, 0.75245, 5.76582]},
			"faces": {
				"north": {"uv": [0, 0, 1, 0.75], "rotation": 180, "texture": "#1"},
				"east": {"uv": [0, 0, 2, 0.75], "rotation": 180, "texture": "#1"},
				"south": {"uv": [0, 0, 1, 0.75], "rotation": 180, "texture": "#1"},
				"west": {"uv": [0, 0, 2, 0.75], "rotation": 180, "texture": "#1"},
				"up": {"uv": [0, 0, 1, 2], "texture": "#1"},
				"down": {"uv": [0, 0, 1, 2], "texture": "#1"}
			}
		}
	],
	"display": {
		"thirdperson_righthand": {
			"translation": [0, 5, 1]
		},
		"thirdperson_lefthand": {
			"translation": [0, 5, 1]
		},
		"firstperson_righthand": {
			"translation": [0, 5, 1]
		},
		"firstperson_lefthand": {
			"translation": [0, 5, 1]
		},
		"head": {
			"translation": [0, 14, -4.25]
		}
	},
	"groups": [
		0,
		1,
		2,
		3,
		4,
		5,
		6,
		7,
		8,
		9,
		10,
		{
			"name": "gaidukas",
			"origin": [8, 7.38604, 6.1112],
			"color": 0,
			"nbt": "{}",
			"armAnimationEnabled": false,
			"children": [11, 12, 13, 14, 15, 16, 17, 18, 19, 20]
		}
	]
}