{
  "paintball.shot": {
    "sounds": [
      "paintball/shot"
    ]
  },
  "paintball.hit": {
    "sounds": [
      "paintball/hit"
    ]
  },
  "paintball.countdown": {
    "sounds": [
      "paintball/countdown"
    ]
  },
  "paintball.gameend": {
    "sounds": [
      "paintball/gameend"
    ]
  },
  "paintball.intermission": {
    "sounds": [
      "paintball/intermission"
    ]
  },
  "paintball.reload": {
    "sounds": [
      "paintball/reload"
    ]
  },
  "paintball.beforematch": {
    "sounds": [
      "paintball/beforematch"
    ]
  }
}