{
    "providers": [

    

    {"type": "bitmap", "file": "minecraft:font/aq1.png", "ascent": 24,"height": 48,  "chars": ["\uE011"]},
    {"type": "bitmap", "file": "minecraft:font/aq2.png", "ascent": 24,"height": 48,  "chars": ["\uE012"]},
    {"type": "bitmap", "file": "minecraft:font/pixel.png", "ascent": -2000,"height": -1,  "chars": ["\uF001"]},
    {"type": "bitmap", "file": "minecraft:font/pixel.png", "ascent": -2000,"height": -2,  "chars": ["\uF002"]},
    {"type": "bitmap", "file": "minecraft:font/pixel.png", "ascent": -2000,"height": -3,  "chars": ["\uF003"]},
    {"type": "bitmap", "file": "minecraft:font/pixel.png", "ascent": -2000,"height": -4,  "chars": ["\uF004"]},
    {"type": "bitmap", "file": "minecraft:font/pixel.png", "ascent": -2000,"height": -6,  "chars": ["\uF006"]},
    {"type": "bitmap", "file": "minecraft:font/pixel.png", "ascent": -2000,"height": -12,  "chars": ["\uF012"]}
    
    
    
    


    
    

    
    
    
]
}
