{
	"credit": "Made with Blockbench",
	"texture_size": [32, 32],
	"textures": {
		"2": "item/basic"
	},
	"elements": [
		{
			"from": [5.94776, 4.63463, 6.9],
			"to": [13.14776, 6.23463, 8.1],
			"rotation": {"angle": 0, "axis": "y", "origin": [1.84776, -0.06537, 0]},
			"faces": {
				"north": {"uv": [0, 0, 3.625, 0.75], "texture": "#2", "tintindex": 0},
				"east": {"uv": [4, 6, 4.625, 6.75], "texture": "#2", "tintindex": 0},
				"south": {"uv": [0, 1, 3.625, 1.75], "texture": "#2", "tintindex": 0},
				"west": {"uv": [6, 4, 6.625, 4.75], "texture": "#2", "tintindex": 0},
				"up": {"uv": [5.625, 2.625, 2, 2], "texture": "#2", "tintindex": 0},
				"down": {"uv": [5.625, 3, 2, 3.625], "texture": "#2", "tintindex": 0}
			}
		},
		{
			"from": [4, 0, 6.9],
			"to": [6, 5, 8.1],
			"faces": {
				"north": {"uv": [0, 2, 1, 4.5], "texture": "#2", "tintindex": 0},
				"east": {"uv": [2, 4, 2.625, 6.5], "texture": "#2", "tintindex": 0},
				"south": {"uv": [1, 2, 2, 4.5], "texture": "#2", "tintindex": 0},
				"west": {"uv": [3, 4, 3.625, 6.5], "texture": "#2", "tintindex": 0},
				"up": {"uv": [2, 5.125, 1, 4.5], "texture": "#2", "tintindex": 0},
				"down": {"uv": [6, 0, 5, 0.625], "texture": "#2", "tintindex": 0}
			}
		},
		{
			"from": [2.65894, 6.85805, 6.911],
			"to": [4.65894, 8.95805, 8.111],
			"rotation": {"angle": -22.5, "axis": "z", "origin": [-1.34106, 2.55805, 0]},
			"faces": {
				"north": {"uv": [4, 0, 5, 1], "texture": "#2", "tintindex": 0},
				"east": {"uv": [5, 1, 5.625, 2], "texture": "#2", "tintindex": 0},
				"south": {"uv": [4, 1, 5, 2], "texture": "#2", "tintindex": 0},
				"west": {"uv": [4, 5, 4.625, 6], "texture": "#2", "tintindex": 0},
				"up": {"uv": [6, 4.625, 5, 4], "texture": "#2", "tintindex": 0},
				"down": {"uv": [6, 5, 5, 5.625], "texture": "#2", "tintindex": 0}
			}
		},
		{
			"from": [2.84776, 4.83463, 6.899],
			"to": [4.84776, 6.93463, 8.099],
			"rotation": {"angle": 0, "axis": "z", "origin": [1.84776, -0.06537, 0]},
			"faces": {
				"north": {"uv": [4, 4, 5, 5], "texture": "#2", "tintindex": 0},
				"east": {"uv": [0, 5.5, 0.625, 6.5], "texture": "#2", "tintindex": 0},
				"south": {"uv": [0, 4.5, 1, 5.5], "texture": "#2", "tintindex": 0},
				"west": {"uv": [1, 5.5, 1.625, 6.5], "texture": "#2", "tintindex": 0},
				"up": {"uv": [7, 0.625, 6, 0], "texture": "#2", "tintindex": 0},
				"down": {"uv": [7, 1, 6, 1.625], "texture": "#2", "tintindex": 0}
			}
		},
		{
			"name": "hexadecagon",
			"from": [12.5, 5.75027, 7.25],
			"to": [13.8, 5.84973, 7.75],
			"rotation": {"angle": -45, "axis": "x", "origin": [13, 5.8, 7.5]},
			"faces": {
				"north": {"uv": [5, 7.5, 5.625, 7.625], "texture": "#2"},
				"east": {"uv": [2.5, 8.5, 2.75, 8.625], "texture": "#2"},
				"south": {"uv": [7.5, 6, 8.125, 6.125], "texture": "#2"},
				"west": {"uv": [3, 8.5, 3.25, 8.625], "texture": "#2"},
				"up": {"uv": [2.625, 6.75, 2, 6.5], "texture": "#2"},
				"down": {"uv": [3.625, 6.5, 3, 6.75], "texture": "#2"}
			}
		},
		{
			"name": "hexadecagon",
			"from": [12.5, 5.75027, 7.25],
			"to": [13.8, 5.84973, 7.75],
			"rotation": {"angle": -22.5, "axis": "x", "origin": [13, 5.8, 7.5]},
			"faces": {
				"north": {"uv": [6.5, 7.5, 7.125, 7.625], "texture": "#2"},
				"east": {"uv": [3.5, 8.5, 3.75, 8.625], "texture": "#2"},
				"south": {"uv": [7.5, 6.5, 8.125, 6.625], "texture": "#2"},
				"west": {"uv": [4, 8.5, 4.25, 8.625], "texture": "#2"},
				"up": {"uv": [6.625, 6.75, 6, 6.5], "texture": "#2"},
				"down": {"uv": [0.625, 7, 0, 7.25], "texture": "#2"}
			}
		},
		{
			"name": "hexadecagon",
			"from": [12.5, 5.75027, 7.25],
			"to": [13.8, 5.84973, 7.75],
			"rotation": {"angle": 0, "axis": "x", "origin": [13, 5.8, 7.5]},
			"faces": {
				"north": {"uv": [7.5, 7, 8.125, 7.125], "texture": "#2"},
				"east": {"uv": [8.5, 4, 8.75, 4.125], "texture": "#2"},
				"south": {"uv": [7.5, 7.5, 8.125, 7.625], "texture": "#2"},
				"west": {"uv": [4.5, 8.5, 4.75, 8.625], "texture": "#2"},
				"up": {"uv": [7.625, 0.25, 7, 0], "texture": "#2"},
				"down": {"uv": [7.625, 0.5, 7, 0.75], "texture": "#2"}
			}
		},
		{
			"name": "hexadecagon",
			"from": [12.5, 5.75027, 7.25],
			"to": [13.8, 5.84973, 7.75],
			"rotation": {"angle": 22.5, "axis": "x", "origin": [13, 5.8, 7.5]},
			"faces": {
				"north": {"uv": [0, 8, 0.625, 8.125], "texture": "#2"},
				"east": {"uv": [8.5, 4.5, 8.75, 4.625], "texture": "#2"},
				"south": {"uv": [8, 0, 8.625, 0.125], "texture": "#2"},
				"west": {"uv": [5, 8.5, 5.25, 8.625], "texture": "#2"},
				"up": {"uv": [7.625, 1.25, 7, 1], "texture": "#2"},
				"down": {"uv": [7.625, 1.5, 7, 1.75], "texture": "#2"}
			}
		},
		{
			"name": "hexadecagon",
			"from": [12.5, 5.75027, 7.25],
			"to": [13.8, 5.84973, 7.75],
			"rotation": {"angle": 45, "axis": "x", "origin": [13, 5.8, 7.5]},
			"faces": {
				"north": {"uv": [8, 0.5, 8.625, 0.625], "texture": "#2"},
				"east": {"uv": [8.5, 5, 8.75, 5.125], "texture": "#2"},
				"south": {"uv": [8, 1, 8.625, 1.125], "texture": "#2"},
				"west": {"uv": [5.5, 8.5, 5.75, 8.625], "texture": "#2"},
				"up": {"uv": [2.625, 7.25, 2, 7], "texture": "#2"},
				"down": {"uv": [7.625, 2, 7, 2.25], "texture": "#2"}
			}
		},
		{
			"name": "hexadecagon",
			"from": [12.5, 5.55, 7.45027],
			"to": [13.8, 6.05, 7.54973],
			"rotation": {"angle": -22.5, "axis": "x", "origin": [13, 5.8, 7.5]},
			"faces": {
				"north": {"uv": [7, 2.5, 7.625, 2.75], "texture": "#2"},
				"east": {"uv": [8.5, 5.5, 8.625, 5.75], "texture": "#2"},
				"south": {"uv": [3, 7, 3.625, 7.25], "texture": "#2"},
				"west": {"uv": [6, 8.5, 6.125, 8.75], "texture": "#2"},
				"up": {"uv": [8.625, 1.625, 8, 1.5], "texture": "#2"},
				"down": {"uv": [8.625, 2, 8, 2.125], "texture": "#2"}
			}
		},
		{
			"name": "hexadecagon",
			"from": [12.5, 5.55, 7.45027],
			"to": [13.8, 6.05, 7.54973],
			"rotation": {"angle": 0, "axis": "x", "origin": [13, 5.8, 7.5]},
			"faces": {
				"north": {"uv": [7, 3, 7.625, 3.25], "texture": "#2"},
				"east": {"uv": [8.5, 6, 8.625, 6.25], "texture": "#2"},
				"south": {"uv": [7, 3.5, 7.625, 3.75], "texture": "#2"},
				"west": {"uv": [6.5, 8.5, 6.625, 8.75], "texture": "#2"},
				"up": {"uv": [8.625, 2.625, 8, 2.5], "texture": "#2"},
				"down": {"uv": [3.625, 8, 3, 8.125], "texture": "#2"}
			}
		},
		{
			"name": "hexadecagon",
			"from": [12.5, 5.55, 7.45027],
			"to": [13.8, 6.05, 7.54973],
			"rotation": {"angle": 22.5, "axis": "x", "origin": [13, 5.8, 7.5]},
			"faces": {
				"north": {"uv": [4, 7, 4.625, 7.25], "texture": "#2"},
				"east": {"uv": [8.5, 6.5, 8.625, 6.75], "texture": "#2"},
				"south": {"uv": [7, 4, 7.625, 4.25], "texture": "#2"},
				"west": {"uv": [7, 8.5, 7.125, 8.75], "texture": "#2"},
				"up": {"uv": [8.625, 3.125, 8, 3], "texture": "#2"},
				"down": {"uv": [8.625, 3.5, 8, 3.625], "texture": "#2"}
			}
		},
		{
			"from": [7.08369, 3.38974, 7.2],
			"to": [7.48369, 4.08974, 7.8],
			"rotation": {"angle": 45, "axis": "z", "origin": [7.28369, 3.83974, 7.5]},
			"faces": {
				"north": {"uv": [3, 7.5, 3.25, 7.875], "texture": "#2"},
				"east": {"uv": [3.5, 7.5, 3.75, 7.875], "texture": "#2"},
				"south": {"uv": [4, 7.5, 4.25, 7.875], "texture": "#2"},
				"west": {"uv": [4.5, 7.5, 4.75, 7.875], "texture": "#2"},
				"up": {"uv": [4.25, 8.25, 4, 8], "texture": "#2"},
				"down": {"uv": [8.25, 4, 8, 4.25], "texture": "#2"}
			}
		},
		{
			"from": [6.85459, 3.9326, 7.2],
			"to": [7.25459, 4.4326, 7.8],
			"rotation": {"angle": 22.5, "axis": "z", "origin": [7.05459, 4.1826, 7.5]},
			"faces": {
				"north": {"uv": [4.5, 8, 4.75, 8.25], "texture": "#2"},
				"east": {"uv": [8, 4.5, 8.25, 4.75], "texture": "#2"},
				"south": {"uv": [5, 8, 5.25, 8.25], "texture": "#2"},
				"west": {"uv": [8, 5, 8.25, 5.25], "texture": "#2"},
				"up": {"uv": [5.75, 8.25, 5.5, 8], "texture": "#2"},
				"down": {"uv": [8.25, 5.5, 8, 5.75], "texture": "#2"}
			}
		},
		{
			"from": [6.77415, 4.33703, 7.2],
			"to": [7.17415, 4.83703, 7.8],
			"rotation": {"angle": 0, "axis": "z", "origin": [8.37415, 3.48703, 7.55]},
			"faces": {
				"north": {"uv": [6, 8, 6.25, 8.25], "texture": "#2"},
				"east": {"uv": [6.5, 8, 6.75, 8.25], "texture": "#2"},
				"south": {"uv": [7, 8, 7.25, 8.25], "texture": "#2"},
				"west": {"uv": [7.5, 8, 7.75, 8.25], "texture": "#2"},
				"up": {"uv": [8.25, 8.25, 8, 8], "texture": "#2"},
				"down": {"uv": [0.25, 8.5, 0, 8.75], "texture": "#2"}
			}
		},
		{
			"from": [5.94776, 2.63463, 6.925],
			"to": [7.64776, 3.03463, 8.075],
			"rotation": {"angle": 0, "axis": "y", "origin": [1.84776, -0.06537, 0]},
			"faces": {
				"north": {"uv": [6, 6, 6.875, 6.25], "texture": "#2"},
				"east": {"uv": [7, 4.5, 7.625, 4.75], "texture": "#2"},
				"south": {"uv": [0, 6.5, 0.875, 6.75], "texture": "#2"},
				"west": {"uv": [5, 7, 5.625, 7.25], "texture": "#2"},
				"up": {"uv": [6.875, 2.625, 6, 2], "texture": "#2"},
				"down": {"uv": [6.875, 3, 6, 3.625], "texture": "#2"}
			}
		},
		{
			"from": [9.06161, 0.92674, 6.925],
			"to": [9.56161, 1.32674, 8.075],
			"rotation": {"angle": 22.5, "axis": "z", "origin": [4.06161, -1.77326, 0]},
			"faces": {
				"north": {"uv": [0.5, 8.5, 0.75, 8.75], "texture": "#2"},
				"east": {"uv": [7, 5, 7.625, 5.25], "texture": "#2"},
				"south": {"uv": [1, 8.5, 1.25, 8.75], "texture": "#2"},
				"west": {"uv": [7, 5.5, 7.625, 5.75], "texture": "#2"},
				"up": {"uv": [6.25, 7.625, 6, 7], "texture": "#2"},
				"down": {"uv": [7.25, 6, 7, 6.625], "texture": "#2"}
			}
		},
		{
			"from": [11.48335, 0.08125, 6.925],
			"to": [11.98335, 0.48125, 8.075],
			"rotation": {"angle": 45, "axis": "z", "origin": [6.48335, -2.61875, 0]},
			"faces": {
				"north": {"uv": [1.5, 8.5, 1.75, 8.75], "texture": "#2"},
				"east": {"uv": [6.5, 7, 7.125, 7.25], "texture": "#2"},
				"south": {"uv": [2, 8.5, 2.25, 8.75], "texture": "#2"},
				"west": {"uv": [0, 7.5, 0.625, 7.75], "texture": "#2"},
				"up": {"uv": [1.25, 8.125, 1, 7.5], "texture": "#2"},
				"down": {"uv": [1.75, 7.5, 1.5, 8.125], "texture": "#2"}
			}
		},
		{
			"from": [8.17415, 3.23703, 6.925],
			"to": [8.57415, 4.83703, 8.075],
			"rotation": {"angle": -22.5, "axis": "z", "origin": [8.37415, 3.48703, 7.55]},
			"faces": {
				"north": {"uv": [1, 6.5, 1.25, 7.25], "texture": "#2"},
				"east": {"uv": [5, 6, 5.625, 6.75], "texture": "#2"},
				"south": {"uv": [1.5, 6.5, 1.75, 7.25], "texture": "#2"},
				"west": {"uv": [6, 5, 6.625, 5.75], "texture": "#2"},
				"up": {"uv": [2.25, 8.125, 2, 7.5], "texture": "#2"},
				"down": {"uv": [2.75, 7.5, 2.5, 8.125], "texture": "#2"}
			}
		}
	],
	"display": {
		"thirdperson_righthand": {
			"rotation": [67, 90, -65],
			"translation": [0.75, 4.5, -0.25]
		},
		"thirdperson_lefthand": {
			"rotation": [-126.98, -86.94, -128],
			"translation": [0.75, 4, -0.75]
		},
		"firstperson_righthand": {
			"rotation": [0, 73, 0],
			"translation": [-1.5, 7.5, 2]
		},
		"firstperson_lefthand": {
			"rotation": [0, -119, 0],
			"translation": [-1.5, 7.5, 2]
		},
		"ground": {
			"translation": [0, 1.75, 0]
		},
		"gui": {
			"rotation": [-9.91, 29.54, 26.16],
			"translation": [-0.5, 5, 0],
			"scale": [1.2, 1.2, 1.2]
		},
		"head": {
			"rotation": [0, 90, 0],
			"translation": [0, 12.75, -7.75]
		},
		"fixed": {
			"rotation": [0, 90, 0],
			"translation": [0, 4.25, -2.75]
		}
	},
	"groups": [
		{
			"name": "g",
			"origin": [8.37415, 3.48703, 7.55],
			"color": 0,
			"nbt": "{}",
			"children": [0, 1, 2, 3]
		},
		{
			"name": "v",
			"origin": [8, 8, 8],
			"color": 0,
			"nbt": "{}",
			"children": [4, 5, 6, 7, 8, 9, 10, 11]
		},
		{
			"name": "n",
			"origin": [8.37415, 3.48703, 7.55],
			"color": 0,
			"nbt": "{}",
			"children": [12, 13, 14]
		},
		{
			"name": "na",
			"origin": [8.37415, 3.48703, 7.55],
			"color": 0,
			"nbt": "{}",
			"children": [15, 16, 17, 18]
		}
	]
}