{"providers":[{"file":"char/black.png","chars":[""],"height":1,"ascent":-5000,"type":"bitmap"},{"file":"char/black.png","chars":[""],"height":2,"ascent":-5000,"type":"bitmap"},{"file":"char/black.png","chars":[""],"height":3,"ascent":-5000,"type":"bitmap"},{"file":"char/black.png","chars":[""],"height":4,"ascent":-5000,"type":"bitmap"},{"file":"char/black.png","chars":[""],"height":5,"ascent":-5000,"type":"bitmap"},{"file":"char/black.png","chars":[""],"height":6,"ascent":-5000,"type":"bitmap"},{"file":"char/black.png","chars":[""],"height":7,"ascent":-5000,"type":"bitmap"},{"file":"char/black.png","chars":[""],"height":15,"ascent":-5000,"type":"bitmap"},{"file":"char/black.png","chars":[""],"height":31,"ascent":-5000,"type":"bitmap"},{"file":"char/black.png","chars":[""],"height":63,"ascent":-5000,"type":"bitmap"},{"file":"char/black.png","chars":[""],"height":127,"ascent":-5000,"type":"bitmap"},{"file":"char/black.png","chars":[""],"height":256,"ascent":-5000,"type":"bitmap"},{"file":"char/black.png","chars":[""],"height":512,"ascent":-5000,"type":"bitmap"},{"file":"char/black.png","chars":[""],"height":1024,"ascent":-5000,"type":"bitmap"},{"file":"char/black.png","chars":[""],"height":-3,"ascent":-5000,"type":"bitmap"},{"file":"char/black.png","chars":[""],"height":-4,"ascent":-5000,"type":"bitmap"},{"file":"char/black.png","chars":[""],"height":-5,"ascent":-5000,"type":"bitmap"},{"file":"char/black.png","chars":[""],"height":-6,"ascent":-5000,"type":"bitmap"},{"file":"char/black.png","chars":[""],"height":-7,"ascent":-5000,"type":"bitmap"},{"file":"char/black.png","chars":[""],"height":-8,"ascent":-5000,"type":"bitmap"},{"file":"char/black.png","chars":[""],"height":-9,"ascent":-5000,"type":"bitmap"},{"file":"char/black.png","chars":[""],"height":-10,"ascent":-5000,"type":"bitmap"},{"file":"char/black.png","chars":[""],"height":-18,"ascent":-5000,"type":"bitmap"},{"file":"char/black.png","chars":[""],"height":-34,"ascent":-5000,"type":"bitmap"},{"file":"char/black.png","chars":[""],"height":-66,"ascent":-5000,"type":"bitmap"},{"file":"char/black.png","chars":[""],"height":-130,"ascent":-5000,"type":"bitmap"},{"file":"char/black.png","chars":[""],"height":-259,"ascent":-5000,"type":"bitmap"},{"file":"char/black.png","chars":[""],"height":-515,"ascent":-5000,"type":"bitmap"},{"file":"char/black.png","chars":[""],"height":-1027,"ascent":-5000,"type":"bitmap"},{"file":"_iainternal:gui/no_recipe.png","chars":[""],"height":170,"ascent":47,"type":"bitmap"},{"file":"_iainternal:gui/crafting.png","chars":[""],"height":170,"ascent":47,"type":"bitmap"},{"file":"_iainternal:gui/cooking.png","chars":[""],"height":170,"ascent":47,"type":"bitmap"},{"file":"_iainternal:gui/blank_menu.png","chars":[""],"height":170,"ascent":47,"type":"bitmap"},{"file":"_iainternal:gui/anvil_repair.png","chars":[""],"height":170,"ascent":47,"type":"bitmap"},{"file":"_iainternal:gui/smithing.png","chars":[""],"height":170,"ascent":47,"type":"bitmap"},{"file":"cherry_gens:icons/left_click.png","chars":["頁"],"height":7,"ascent":7,"type":"bitmap"},{"file":"cherry_gens:icons/right_click.png","chars":["煤"],"height":7,"ascent":7,"type":"bitmap"},{"file":"cherry_gens:icons/money.png","chars":["漢"],"height":7,"ascent":7,"type":"bitmap"},{"file":"_iainternal:hud/small_cooldown_bar/0.png","chars":[""],"height":22,"ascent":-42,"type":"bitmap"},{"file":"_iainternal:hud/small_cooldown_bar/1.png","chars":[""],"height":22,"ascent":-42,"type":"bitmap"},{"file":"_iainternal:hud/small_cooldown_bar/2.png","chars":[""],"height":22,"ascent":-42,"type":"bitmap"},{"file":"_iainternal:hud/small_cooldown_bar/3.png","chars":[""],"height":22,"ascent":-42,"type":"bitmap"},{"file":"_iainternal:hud/small_cooldown_bar/4.png","chars":[""],"height":22,"ascent":-42,"type":"bitmap"},{"file":"_iainternal:hud/small_cooldown_bar/5.png","chars":[""],"height":22,"ascent":-42,"type":"bitmap"},{"file":"_iainternal:hud/small_cooldown_bar/6.png","chars":[""],"height":22,"ascent":-42,"type":"bitmap"},{"file":"_iainternal:hud/small_cooldown_bar/7.png","chars":[""],"height":22,"ascent":-42,"type":"bitmap"},{"file":"_iainternal:hud/small_cooldown_bar/8.png","chars":[""],"height":22,"ascent":-42,"type":"bitmap"},{"file":"_iainternal:hud/small_cooldown_bar/9.png","chars":[""],"height":22,"ascent":-42,"type":"bitmap"},{"file":"_iainternal:hud/small_cooldown_bar/10.png","chars":[""],"height":22,"ascent":-42,"type":"bitmap"},{"file":"_iainternal:hud/small_cooldown_bar/11.png","chars":[""],"height":22,"ascent":-42,"type":"bitmap"},{"file":"_iainternal:hud/small_cooldown_bar/12.png","chars":[""],"height":22,"ascent":-42,"type":"bitmap"},{"file":"_iainternal:hud/small_cooldown_bar/13.png","chars":[""],"height":22,"ascent":-42,"type":"bitmap"},{"file":"_iainternal:hud/small_cooldown_bar/14.png","chars":[""],"height":22,"ascent":-42,"type":"bitmap"},{"file":"_iainternal:hud/small_cooldown_bar/15.png","chars":[""],"height":22,"ascent":-42,"type":"bitmap"},{"file":"_iainternal:hud/small_cooldown_bar/16.png","chars":[""],"height":22,"ascent":-42,"type":"bitmap"},{"file":"_iainternal:hud/small_cooldown_bar/17.png","chars":[""],"height":22,"ascent":-42,"type":"bitmap"},{"file":"_iainternal:hud/small_cooldown_bar/18.png","chars":[""],"height":22,"ascent":-42,"type":"bitmap"},{"file":"_iainternal:hud/small_cooldown_bar/19.png","chars":[""],"height":22,"ascent":-42,"type":"bitmap"},{"file":"_iainternal:hud/small_cooldown_bar/20.png","chars":[""],"height":22,"ascent":-42,"type":"bitmap"},{"file":"ranks:ranks/admin.png","chars":["🙋"],"height":7,"ascent":7,"type":"bitmap"},{"file":"ranks:ranks/moderator.png","chars":["🙆"],"height":7,"ascent":7,"type":"bitmap"},{"file":"ranks:ranks/helper.png","chars":["🙅"],"height":7,"ascent":7,"type":"bitmap"},{"file":"ranks:ranks/cherry.png","chars":["🧙"],"height":7,"ascent":7,"type":"bitmap"},{"file":"ranks:ranks/peach.png","chars":["👳"],"height":7,"ascent":7,"type":"bitmap"},{"file":"ranks:ranks/mango.png","chars":["🤸"],"height":7,"ascent":7,"type":"bitmap"},{"file":"ranks:ranks/melon.png","chars":["🤹"],"height":7,"ascent":7,"type":"bitmap"},{"file":"ranks:ranks/berry.png","chars":["💂"],"height":7,"ascent":7,"type":"bitmap"},{"file":"ranks:ranks/banana.png","chars":["👨"],"height":7,"ascent":7,"type":"bitmap"},{"type":"bitmap","file":"guis:silo.png","ascent":27,"chars":["쌰"],"height":256.0,"oversample":1.0},{"file":"icons:cherrygens_name_1.png","chars":[""],"height":16,"ascent":16,"type":"bitmap"},{"file":"icons:cherrygens_name_2.png","chars":[""],"height":16,"ascent":16,"type":"bitmap"},{"file":"icons:cherrygens_logo.png","chars":[""],"height":48,"ascent":48,"type":"bitmap"},{"file":"icons:cherrygens_logo.png","chars":[""],"height":8,"ascent":7,"type":"bitmap"},{"type":"bitmap","file":"icons:emj.png","ascent":7,"chars":["씁씂씃씄씅씆씇씈씉씐씑씒씓씔씕씖씗씘","씙씠씡씢씣씤씥씦씧씨씩씰씱씲씳씴씵씶","씷씸씹앀앁앂앃아악앆앇안앉앐앑앒앓암","압앖앗았앙애액앢앣앤앥앦앧앨앩앰앱앲","앳앴앵앶앷앸앹얀얁얂얃얄얅얆얇얈얉얐","양얒얓얔얕얖얗얘얙였영옂옃옄옅옆옇예","옉옐옑옒옓옔옕옖옗옘옙옠옡옢옣오옥옦","옧온옩옰옱옲옳옴옵옶옷옸옹와왁왂왃완","왅왆왇왈왉왐왑왒왓왔왕왖왗왘왙왠왡왢","왣왤왥왦왧왨왩왰왱왲왳왴왵왶왷외왹욀","욁욂욃욄욅욆욇욈욉욐욑욒욓요욕욖욗욘","욙윀윁윂윃위윅윆윇윈윉윐윑윒윓윔윕윖","윗윘윙유육윢윣윤윥윦윧율윩윰윱윲윳윴","융윶윷윸윹은읁읂읃을읅읆읇읈읉읐응읒","읓읔읕읖읗의읙읠읡읢읣읤읥읦읧읨읩읰","읱읲읳이익읶읷인읹잀잁잂잃임입잆잇있","잉자작잒잓잔잕잖잗잘잙저적젂젃전젅젆","젇절젉점접젒젓젔정젖젗젘젙젠젡젢젣젤"],"height":8}]}