{
	"credit": "Made with Blockbench",
	"textures": {
		"0": "item/texture",
		"1": "item/black",
		"particle": "item/texture"
	},
	"elements": [
		{
			"from": [7, 0, 9],
			"to": [9, 9, 12],
			"rotation": {"angle": -22.5, "axis": "x", "origin": [8, 4.5, 10.5]},
			"faces": {
				"north": {"uv": [5, 10.5, 6, 15], "texture": "#0", "tintindex": 0},
				"east": {"uv": [5, 10.5, 6, 15], "texture": "#0", "tintindex": 0},
				"south": {"uv": [5, 10.5, 6, 15], "texture": "#0", "tintindex": 0},
				"west": {"uv": [5, 10.5, 6, 15], "texture": "#0", "tintindex": 0},
				"up": {"uv": [5, 10.5, 6, 15], "texture": "#0", "tintindex": 0},
				"down": {"uv": [5, 10.5, 6, 15], "texture": "#0", "tintindex": 0}
			}
		},
		{
			"from": [6.75, -0.5, 8.75],
			"to": [9.25, 0, 12.25],
			"rotation": {"angle": -22.5, "axis": "x", "origin": [8, 4.5, 10.5]},
			"faces": {
				"north": {"uv": [5, 0, 6, 4.5], "texture": "#0", "tintindex": 0},
				"east": {"uv": [5, 0, 6, 4.5], "texture": "#0", "tintindex": 0},
				"south": {"uv": [5, 0, 6, 4.5], "texture": "#0", "tintindex": 0},
				"west": {"uv": [5, 0, 6, 4.5], "texture": "#0", "tintindex": 0},
				"up": {"uv": [5, 0, 6, 4.5], "texture": "#0", "tintindex": 0},
				"down": {"uv": [5, 0, 6, 4.5], "texture": "#0", "tintindex": 0}
			}
		},
		{
			"from": [6.5, 6.23148, 0.16374],
			"to": [9.5, 9.23148, 12.16374],
			"rotation": {"angle": 0, "axis": "y", "origin": [0, 0.21297, 1.32749]},
			"faces": {
				"north": {"uv": [4, 4.5, 5, 5.5], "texture": "#0", "tintindex": 0},
				"east": {"uv": [4, 4.5, 5, 5.5], "texture": "#0", "tintindex": 0},
				"south": {"uv": [4, 4.5, 5, 5.5], "texture": "#0", "tintindex": 0},
				"west": {"uv": [4, 4.5, 5, 5.5], "texture": "#0", "tintindex": 0},
				"up": {"uv": [4, 4.5, 5, 5.5], "texture": "#0", "tintindex": 0},
				"down": {"uv": [4, 4.5, 5, 5.5], "texture": "#0", "tintindex": 0}
			}
		},
		{
			"from": [7, 6.75, 0],
			"to": [7.5, 8.75, 0.25],
			"faces": {
				"north": {"uv": [2, 2, 3, 4], "texture": "#1"},
				"east": {"uv": [3, 0, 4, 2], "texture": "#1"},
				"south": {"uv": [3, 2, 4, 4], "texture": "#1"},
				"west": {"uv": [4, 0, 5, 2], "texture": "#1"},
				"up": {"uv": [3, 7, 2, 6], "texture": "#1"},
				"down": {"uv": [4, 6, 3, 7], "texture": "#1"}
			}
		},
		{
			"from": [7.5, 7.25, 0.1],
			"to": [8.5, 8.25, 0.35],
			"faces": {
				"north": {"uv": [12, 14, 13, 15], "texture": "#1"},
				"east": {"uv": [3, 0, 4, 2], "texture": "#1"},
				"south": {"uv": [3, 2, 4, 4], "texture": "#1"},
				"west": {"uv": [4, 0, 5, 2], "texture": "#1"},
				"up": {"uv": [3, 7, 2, 6], "texture": "#1"},
				"down": {"uv": [4, 6, 3, 7], "texture": "#1"}
			}
		},
		{
			"from": [7.5, 8.25, 0],
			"to": [8.5, 8.75, 0.25],
			"faces": {
				"north": {"uv": [6, 3, 7, 4], "texture": "#1"},
				"east": {"uv": [4, 6, 5, 7], "texture": "#1"},
				"south": {"uv": [6, 4, 7, 5], "texture": "#1"},
				"west": {"uv": [6, 5, 7, 6], "texture": "#1"},
				"up": {"uv": [7, 7, 6, 6], "texture": "#1"},
				"down": {"uv": [8, 0, 7, 1], "texture": "#1"}
			}
		},
		{
			"from": [7.5, 6.75, 0],
			"to": [8.5, 7.25, 0.25],
			"faces": {
				"north": {"uv": [7, 1, 8, 2], "texture": "#1"},
				"east": {"uv": [2, 7, 3, 8], "texture": "#1"},
				"south": {"uv": [7, 2, 8, 3], "texture": "#1"},
				"west": {"uv": [3, 7, 4, 8], "texture": "#1"},
				"up": {"uv": [8, 4, 7, 3], "texture": "#1"},
				"down": {"uv": [5, 7, 4, 8], "texture": "#1"}
			}
		},
		{
			"from": [8.5, 6.75, 0],
			"to": [9, 8.75, 0.25],
			"faces": {
				"north": {"uv": [2, 4, 3, 6], "texture": "#1"},
				"east": {"uv": [4, 2, 5, 4], "texture": "#1"},
				"south": {"uv": [3, 4, 4, 6], "texture": "#1"},
				"west": {"uv": [4, 4, 5, 6], "texture": "#1"},
				"up": {"uv": [8, 5, 7, 4], "texture": "#1"},
				"down": {"uv": [6, 7, 5, 8], "texture": "#1"}
			}
		},
		{
			"from": [7.75, 8.5, 0.75],
			"to": [8.25, 9.75, 2],
			"rotation": {"angle": 45, "axis": "x", "origin": [8, 9.5, 1.375]},
			"faces": {
				"north": {"uv": [7, 5, 8, 6], "texture": "#1"},
				"east": {"uv": [6, 7, 7, 8], "texture": "#1"},
				"south": {"uv": [7, 6, 8, 7], "texture": "#1"},
				"west": {"uv": [7, 7, 8, 8], "texture": "#1"},
				"up": {"uv": [1, 9, 0, 8], "texture": "#1"},
				"down": {"uv": [9, 0, 8, 1], "texture": "#1"}
			}
		},
		{
			"from": [8.75, 15.25, 7.75],
			"to": [9.25, 16.5, 9],
			"rotation": {"angle": 45, "axis": "x", "origin": [8, 9.5, 1.375]},
			"faces": {
				"north": {"uv": [1, 8, 2, 9], "texture": "#1"},
				"east": {"uv": [8, 1, 9, 2], "texture": "#1"},
				"south": {"uv": [2, 8, 3, 9], "texture": "#1"},
				"west": {"uv": [8, 2, 9, 3], "texture": "#1"},
				"up": {"uv": [4, 9, 3, 8], "texture": "#1"},
				"down": {"uv": [9, 3, 8, 4], "texture": "#1"}
			}
		},
		{
			"from": [6.75, 15.25, 7.75],
			"to": [7.25, 16.5, 9],
			"rotation": {"angle": 45, "axis": "x", "origin": [8, 9.5, 1.375]},
			"faces": {
				"north": {"uv": [4, 8, 5, 9], "texture": "#1"},
				"east": {"uv": [8, 4, 9, 5], "texture": "#1"},
				"south": {"uv": [5, 8, 6, 9], "texture": "#1"},
				"west": {"uv": [8, 5, 9, 6], "texture": "#1"},
				"up": {"uv": [7, 9, 6, 8], "texture": "#1"},
				"down": {"uv": [9, 6, 8, 7], "texture": "#1"}
			}
		},
		{
			"from": [7.5, 3.92205, 7.79094],
			"to": [8.5, 4.67205, 9.29094],
			"rotation": {"angle": -22.5, "axis": "x", "origin": [8, 4.29705, 8.16594]},
			"faces": {
				"north": {"uv": [7, 8, 8, 9], "texture": "#1"},
				"east": {"uv": [0, 5, 2, 6], "texture": "#1"},
				"south": {"uv": [8, 7, 9, 8], "texture": "#1"},
				"west": {"uv": [5, 0, 7, 1], "texture": "#1"},
				"up": {"uv": [6, 3, 5, 1], "texture": "#1"},
				"down": {"uv": [6, 3, 5, 5], "texture": "#1"}
			}
		},
		{
			"from": [7.5, 3.80709, 5.46299],
			"to": [8.5, 4.55709, 7.96299],
			"rotation": {"angle": 0, "axis": "x", "origin": [8, 5.18209, 3.96299]},
			"faces": {
				"north": {"uv": [8, 8, 9, 9], "texture": "#1"},
				"east": {"uv": [0, 0, 3, 1], "texture": "#1"},
				"south": {"uv": [0, 9, 1, 10], "texture": "#1"},
				"west": {"uv": [0, 1, 3, 2], "texture": "#1"},
				"up": {"uv": [1, 5, 0, 2], "texture": "#1"},
				"down": {"uv": [2, 2, 1, 5], "texture": "#1"}
			}
		},
		{
			"from": [7.5, 3.96963, 4.64586],
			"to": [8.5, 4.71963, 5.39586],
			"rotation": {"angle": 22.5, "axis": "x", "origin": [8, 3.71963, 5.02086]},
			"faces": {
				"north": {"uv": [9, 0, 10, 1], "texture": "#1"},
				"east": {"uv": [1, 9, 2, 10], "texture": "#1"},
				"south": {"uv": [9, 1, 10, 2], "texture": "#1"},
				"west": {"uv": [2, 9, 3, 10], "texture": "#1"},
				"up": {"uv": [10, 3, 9, 2], "texture": "#1"},
				"down": {"uv": [4, 9, 3, 10], "texture": "#1"}
			}
		},
		{
			"from": [7.5, 4.5, 5],
			"to": [8.5, 6.5, 5.75],
			"faces": {
				"north": {"uv": [5, 5, 6, 7], "texture": "#1"},
				"east": {"uv": [0, 6, 1, 8], "texture": "#1"},
				"south": {"uv": [1, 6, 2, 8], "texture": "#1"},
				"west": {"uv": [6, 1, 7, 3], "texture": "#1"},
				"up": {"uv": [10, 4, 9, 3], "texture": "#1"},
				"down": {"uv": [5, 9, 4, 10], "texture": "#1"}
			}
		},
		{
			"from": [7.75, 4.65158, 7.23351],
			"to": [8.25, 5.90158, 7.73351],
			"rotation": {"angle": 45, "axis": "x", "origin": [8, 5.52658, 7.48351]},
			"faces": {
				"north": {"uv": [9, 4, 10, 5], "texture": "#1"},
				"east": {"uv": [5, 9, 6, 10], "texture": "#1"},
				"south": {"uv": [9, 5, 10, 6], "texture": "#1"},
				"west": {"uv": [6, 9, 7, 10], "texture": "#1"},
				"up": {"uv": [10, 7, 9, 6], "texture": "#1"},
				"down": {"uv": [8, 9, 7, 10], "texture": "#1"}
			}
		},
		{
			"from": [7.75, 5.68209, 7.58799],
			"to": [8.25, 6.43209, 8.08799],
			"rotation": {"angle": 22.5, "axis": "x", "origin": [8, 6.05709, 7.83799]},
			"faces": {
				"north": {"uv": [9, 7, 10, 8], "texture": "#1"},
				"east": {"uv": [8, 9, 9, 10], "texture": "#1"},
				"south": {"uv": [9, 8, 10, 9], "texture": "#1"},
				"west": {"uv": [9, 9, 10, 10], "texture": "#1"},
				"up": {"uv": [1, 11, 0, 10], "texture": "#1"},
				"down": {"uv": [11, 0, 10, 1], "texture": "#1"}
			}
		}
	],
	"display": {
		"thirdperson_righthand": {
			"translation": [0, 1.5, 0.75],
			"scale": [0.67188, 0.67188, 0.67188]
		},
		"thirdperson_lefthand": {
			"translation": [0, 1.5, 0.75],
			"scale": [0.67188, 0.67188, 0.67188]
		},
		"firstperson_righthand": {
			"translation": [0, 1.5, 0.75],
			"scale": [0.67188, 0.67188, 0.67188]
		},
		"firstperson_lefthand": {
			"translation": [0, 1.5, 0.75],
			"scale": [0.67188, 0.67188, 0.67188]
		},
		"ground": {
			"translation": [0, 5.25, 0]
		},
		"gui": {
			"rotation": [-175.65, -54.8, 170.52],
			"translation": [-0.75, 1.75, 0]
		},
		"head": {
			"translation": [0, 8.25, -2.75]
		},
		"fixed": {
			"rotation": [180, -90, 180]
		}
	},
	"groups": [
		0,
		1,
		2,
		{
			"name": "group",
			"origin": [8, 6.05709, 7.83799],
			"color": 0,
			"nbt": "{}",
			"armAnimationEnabled": false,
			"children": [3, 4, 5, 6, 7, 8, 9, 10, 11, 12, 13, 14, 15, 16]
		}
	]
}