{
    "parent": "minecraft:item/generated",
    "textures": {
      "layer0": "minecraft:item/leather_horse_armor"
    },

    "overrides": [
        {"predicate": {"custom_model_data":1}, "model": "paintball/pistoletai/paprastas"},
        {"predicate": {"custom_model_data":2}, "model": "paintball/pistoletai/pilkas"},
        {"predicate": {"custom_model_data":3}, "model": "paintball/pistoletai/geltonas"},
        {"predicate": {"custom_model_data":4}, "model": "item/guns/white_plain"},
        {"predicate": {"custom_model_data":5}, "model": "paintball/pistoletai/flaregun"},
        {"predicate": {"custom_model_data":6}, "model": "item/leather_horse_armor"}
        
    ]
  }