{
	"credit": "Made with Blockbench",
	"textures": {
		"6": "paintball/pistol/nuleistukas",
		"7": "paintball/pistol/nuleistukoapsauga",
		"8": "paintball/pistol/vamzdelis",
		"9": "paintball/pistol/skinai/paprastas",
		"particle": "paintball/pistol/skinai/paprastas"
	},
	"elements": [
		{
			"from": [5.94776, 4.63463, 6.9],
			"to": [13.14776, 6.23463, 8.1],
			"rotation": {"angle": 0, "axis": "y", "origin": [1.84776, -0.06537, 0]},
			"faces": {
				"north": {"uv": [0, 0, 7.1875, 1.625], "texture": "#9"},
				"east": {"uv": [12, 8, 13.1875, 9.625], "texture": "#9"},
				"south": {"uv": [0, 2, 7.1875, 3.625], "texture": "#9"},
				"west": {"uv": [12, 10, 13.1875, 11.625], "texture": "#9"},
				"up": {"uv": [11.1875, 5.1875, 4, 4], "texture": "#9"},
				"down": {"uv": [11.1875, 6, 4, 7.1875], "texture": "#9"}
			}
		},
		{
			"from": [4, 0, 6.9],
			"to": [6, 5, 8.1],
			"faces": {
				"north": {"uv": [0, 4, 2, 9], "texture": "#9"},
				"east": {"uv": [4, 8, 5.1875, 13], "texture": "#9"},
				"south": {"uv": [2, 4, 4, 9], "texture": "#9"},
				"west": {"uv": [6, 8, 7.1875, 13], "texture": "#9"},
				"up": {"uv": [2, 13.1875, 0, 12], "texture": "#9"},
				"down": {"uv": [14, 0, 12, 1.1875], "texture": "#9"}
			}
		},
		{
			"from": [2.65894, 6.85805, 6.911],
			"to": [4.65894, 8.95805, 8.111],
			"rotation": {"angle": -22.5, "axis": "z", "origin": [-1.34106, 2.55805, 0]},
			"faces": {
				"north": {"uv": [8, 0, 10, 2.125], "texture": "#9"},
				"east": {"uv": [10, 0, 11.1875, 2.125], "texture": "#9"},
				"south": {"uv": [8, 8, 10, 10.125], "texture": "#9"},
				"west": {"uv": [10, 8, 11.1875, 10.125], "texture": "#9"},
				"up": {"uv": [4, 13.1875, 2, 12], "texture": "#9"},
				"down": {"uv": [14, 2, 12, 3.1875], "texture": "#9"}
			}
		},
		{
			"from": [2.84776, 4.83463, 6.899],
			"to": [4.84776, 6.93463, 8.099],
			"rotation": {"angle": 0, "axis": "z", "origin": [1.84776, -0.06537, 0]},
			"faces": {
				"north": {"uv": [0, 9, 2, 11.125], "texture": "#9"},
				"east": {"uv": [8, 11, 9.1875, 13.125], "texture": "#9"},
				"south": {"uv": [2, 9, 4, 11.125], "texture": "#9"},
				"west": {"uv": [10, 11, 11.1875, 13.125], "texture": "#9"},
				"up": {"uv": [14, 5.1875, 12, 4], "texture": "#9"},
				"down": {"uv": [14, 6, 12, 7.1875], "texture": "#9"}
			}
		},
		{
			"name": "hexadecagon",
			"from": [12.5, 5.75027, 7.25],
			"to": [13.8, 5.84973, 7.75],
			"rotation": {"angle": -45, "axis": "x", "origin": [13, 5.8, 7.5]},
			"faces": {
				"north": {"uv": [0, 0, 2, 1], "texture": "#8"},
				"east": {"uv": [0, 8, 1, 9], "texture": "#8"},
				"south": {"uv": [0, 1, 2, 2], "texture": "#8"},
				"west": {"uv": [8, 0, 9, 1], "texture": "#8"},
				"up": {"uv": [2, 3, 0, 2], "texture": "#8"},
				"down": {"uv": [4, 0, 2, 1], "texture": "#8"}
			}
		},
		{
			"name": "hexadecagon",
			"from": [12.5, 5.75027, 7.25],
			"to": [13.8, 5.84973, 7.75],
			"rotation": {"angle": -22.5, "axis": "x", "origin": [13, 5.8, 7.5]},
			"faces": {
				"north": {"uv": [2, 1, 4, 2], "texture": "#8"},
				"east": {"uv": [1, 8, 2, 9], "texture": "#8"},
				"south": {"uv": [2, 2, 4, 3], "texture": "#8"},
				"west": {"uv": [8, 1, 9, 2], "texture": "#8"},
				"up": {"uv": [2, 4, 0, 3], "texture": "#8"},
				"down": {"uv": [4, 3, 2, 4], "texture": "#8"}
			}
		},
		{
			"name": "hexadecagon",
			"from": [12.5, 5.75027, 7.25],
			"to": [13.8, 5.84973, 7.75],
			"rotation": {"angle": 0, "axis": "x", "origin": [13, 5.8, 7.5]},
			"faces": {
				"north": {"uv": [0, 4, 2, 5], "texture": "#8"},
				"east": {"uv": [2, 8, 3, 9], "texture": "#8"},
				"south": {"uv": [4, 0, 6, 1], "texture": "#8"},
				"west": {"uv": [8, 2, 9, 3], "texture": "#8"},
				"up": {"uv": [6, 2, 4, 1], "texture": "#8"},
				"down": {"uv": [4, 4, 2, 5], "texture": "#8"}
			}
		},
		{
			"name": "hexadecagon",
			"from": [12.5, 5.75027, 7.25],
			"to": [13.8, 5.84973, 7.75],
			"rotation": {"angle": 22.5, "axis": "x", "origin": [13, 5.8, 7.5]},
			"faces": {
				"north": {"uv": [4, 2, 6, 3], "texture": "#8"},
				"east": {"uv": [3, 8, 4, 9], "texture": "#8"},
				"south": {"uv": [4, 3, 6, 4], "texture": "#8"},
				"west": {"uv": [8, 3, 9, 4], "texture": "#8"},
				"up": {"uv": [6, 5, 4, 4], "texture": "#8"},
				"down": {"uv": [2, 5, 0, 6], "texture": "#8"}
			}
		},
		{
			"name": "hexadecagon",
			"from": [12.5, 5.75027, 7.25],
			"to": [13.8, 5.84973, 7.75],
			"rotation": {"angle": 45, "axis": "x", "origin": [13, 5.8, 7.5]},
			"faces": {
				"north": {"uv": [2, 5, 4, 6], "texture": "#8"},
				"east": {"uv": [4, 8, 5, 9], "texture": "#8"},
				"south": {"uv": [4, 5, 6, 6], "texture": "#8"},
				"west": {"uv": [8, 4, 9, 5], "texture": "#8"},
				"up": {"uv": [2, 7, 0, 6], "texture": "#8"},
				"down": {"uv": [8, 0, 6, 1], "texture": "#8"}
			}
		},
		{
			"name": "hexadecagon",
			"from": [12.5, 5.55, 7.45027],
			"to": [13.8, 6.05, 7.54973],
			"rotation": {"angle": -22.5, "axis": "x", "origin": [13, 5.8, 7.5]},
			"faces": {
				"north": {"uv": [6, 1, 8, 2], "texture": "#8"},
				"east": {"uv": [5, 8, 6, 9], "texture": "#8"},
				"south": {"uv": [2, 6, 4, 7], "texture": "#8"},
				"west": {"uv": [8, 5, 9, 6], "texture": "#8"},
				"up": {"uv": [8, 3, 6, 2], "texture": "#8"},
				"down": {"uv": [8, 3, 6, 4], "texture": "#8"}
			}
		},
		{
			"name": "hexadecagon",
			"from": [12.5, 5.55, 7.45027],
			"to": [13.8, 6.05, 7.54973],
			"rotation": {"angle": 0, "axis": "x", "origin": [13, 5.8, 7.5]},
			"faces": {
				"north": {"uv": [4, 6, 6, 7], "texture": "#8"},
				"east": {"uv": [6, 8, 7, 9], "texture": "#8"},
				"south": {"uv": [6, 4, 8, 5], "texture": "#8"},
				"west": {"uv": [8, 6, 9, 7], "texture": "#8"},
				"up": {"uv": [8, 6, 6, 5], "texture": "#8"},
				"down": {"uv": [8, 6, 6, 7], "texture": "#8"}
			}
		},
		{
			"name": "hexadecagon",
			"from": [12.5, 5.55, 7.45027],
			"to": [13.8, 6.05, 7.54973],
			"rotation": {"angle": 22.5, "axis": "x", "origin": [13, 5.8, 7.5]},
			"faces": {
				"north": {"uv": [0, 7, 2, 8], "texture": "#8"},
				"east": {"uv": [7, 8, 8, 9], "texture": "#8"},
				"south": {"uv": [2, 7, 4, 8], "texture": "#8"},
				"west": {"uv": [8, 7, 9, 8], "texture": "#8"},
				"up": {"uv": [6, 8, 4, 7], "texture": "#8"},
				"down": {"uv": [8, 7, 6, 8], "texture": "#8"}
			}
		},
		{
			"from": [7.08369, 3.38974, 7.2],
			"to": [7.48369, 4.08974, 7.8],
			"rotation": {"angle": 45, "axis": "z", "origin": [7.28369, 3.83974, 7.5]},
			"faces": {
				"north": {"uv": [0, 0, 1, 1], "texture": "#6"},
				"east": {"uv": [0, 1, 1, 2], "texture": "#6"},
				"south": {"uv": [1, 0, 2, 1], "texture": "#6"},
				"west": {"uv": [1, 1, 2, 2], "texture": "#6"},
				"up": {"uv": [1, 3, 0, 2], "texture": "#6"},
				"down": {"uv": [3, 0, 2, 1], "texture": "#6"}
			}
		},
		{
			"from": [6.85459, 3.9326, 7.2],
			"to": [7.25459, 4.4326, 7.8],
			"rotation": {"angle": 22.5, "axis": "z", "origin": [7.05459, 4.1826, 7.5]},
			"faces": {
				"north": {"uv": [1, 2, 2, 3], "texture": "#6"},
				"east": {"uv": [2, 1, 3, 2], "texture": "#6"},
				"south": {"uv": [2, 2, 3, 3], "texture": "#6"},
				"west": {"uv": [0, 3, 1, 4], "texture": "#6"},
				"up": {"uv": [4, 1, 3, 0], "texture": "#6"},
				"down": {"uv": [2, 3, 1, 4], "texture": "#6"}
			}
		},
		{
			"from": [6.77415, 4.33703, 7.2],
			"to": [7.17415, 4.83703, 7.8],
			"rotation": {"angle": 0, "axis": "z", "origin": [8.37415, 3.48703, 7.55]},
			"faces": {
				"north": {"uv": [3, 1, 4, 2], "texture": "#6"},
				"east": {"uv": [2, 3, 3, 4], "texture": "#6"},
				"south": {"uv": [3, 2, 4, 3], "texture": "#6"},
				"west": {"uv": [3, 3, 4, 4], "texture": "#6"},
				"up": {"uv": [1, 5, 0, 4], "texture": "#6"},
				"down": {"uv": [5, 0, 4, 1], "texture": "#6"}
			}
		},
		{
			"from": [5.94776, 2.63463, 6.925],
			"to": [7.64776, 3.03463, 8.075],
			"rotation": {"angle": 0, "axis": "y", "origin": [1.84776, -0.06537, 0]},
			"faces": {
				"north": {"uv": [0, 0, 2, 1], "texture": "#7"},
				"east": {"uv": [2, 3, 3, 4], "texture": "#7"},
				"south": {"uv": [0, 1, 2, 2], "texture": "#7"},
				"west": {"uv": [3, 3, 4, 4], "texture": "#7"},
				"up": {"uv": [2, 3, 0, 2], "texture": "#7"},
				"down": {"uv": [4, 0, 2, 1], "texture": "#7"}
			}
		},
		{
			"from": [9.06161, 0.92674, 6.925],
			"to": [9.56161, 1.32674, 8.075],
			"rotation": {"angle": 22.5, "axis": "z", "origin": [4.06161, -1.77326, 0]},
			"faces": {
				"north": {"uv": [4, 0, 5, 1], "texture": "#7"},
				"east": {"uv": [4, 1, 5, 2], "texture": "#7"},
				"south": {"uv": [2, 4, 3, 5], "texture": "#7"},
				"west": {"uv": [4, 2, 5, 3], "texture": "#7"},
				"up": {"uv": [4, 5, 3, 4], "texture": "#7"},
				"down": {"uv": [5, 3, 4, 4], "texture": "#7"}
			}
		},
		{
			"from": [11.48335, 0.08125, 6.925],
			"to": [11.98335, 0.48125, 8.075],
			"rotation": {"angle": 45, "axis": "z", "origin": [6.48335, -2.61875, 0]},
			"faces": {
				"north": {"uv": [4, 4, 5, 5], "texture": "#7"},
				"east": {"uv": [0, 5, 1, 6], "texture": "#7"},
				"south": {"uv": [5, 0, 6, 1], "texture": "#7"},
				"west": {"uv": [1, 5, 2, 6], "texture": "#7"},
				"up": {"uv": [6, 2, 5, 1], "texture": "#7"},
				"down": {"uv": [3, 5, 2, 6], "texture": "#7"}
			}
		},
		{
			"from": [8.17415, 3.23703, 6.925],
			"to": [8.57415, 4.83703, 8.075],
			"rotation": {"angle": -22.5, "axis": "z", "origin": [8.37415, 3.48703, 7.55]},
			"faces": {
				"north": {"uv": [2, 1, 3, 3], "texture": "#7"},
				"east": {"uv": [0, 3, 1, 5], "texture": "#7"},
				"south": {"uv": [1, 3, 2, 5], "texture": "#7"},
				"west": {"uv": [3, 1, 4, 3], "texture": "#7"},
				"up": {"uv": [6, 3, 5, 2], "texture": "#7"},
				"down": {"uv": [4, 5, 3, 6], "texture": "#7"}
			}
		}
	],
	"display": {
		"thirdperson_righthand": {
			"rotation": [67, 90, -65],
			"translation": [0.75, 4.5, -0.25]
		},
		"thirdperson_lefthand": {
			"rotation": [-126.98, -86.94, -128],
			"translation": [0.75, 4, -0.75]
		},
		"firstperson_righthand": {
			"rotation": [0, 73, 0],
			"translation": [-1.5, 7.5, 2]
		},
		"firstperson_lefthand": {
			"rotation": [0, -119, 0],
			"translation": [-1.5, 7.5, 2]
		},
		"ground": {
			"translation": [0, 1.75, 0]
		},
		"gui": {
			"rotation": [-9.91, 29.54, 26.16],
			"translation": [-0.5, 5, 0],
			"scale": [1.2, 1.2, 1.2]
		},
		"head": {
			"rotation": [0, 90, 0],
			"translation": [0, 12.75, -7.75]
		},
		"fixed": {
			"rotation": [0, 90, 0],
			"translation": [0, 4.25, -2.75]
		}
	},
	"groups": [
		{
			"name": "Puse Ginkla",
			"origin": [8.37415, 3.48703, 7.55],
			"color": 0,
			"nbt": "{}",
			"children": [0, 1, 2, 3]
		},
		{
			"name": "Vamzdelis",
			"origin": [8, 8, 8],
			"color": 0,
			"nbt": "{}",
			"children": [4, 5, 6, 7, 8, 9, 10, 11]
		},
		{
			"name": "Nuleistukas",
			"origin": [8.37415, 3.48703, 7.55],
			"color": 0,
			"nbt": "{}",
			"children": [12, 13, 14]
		},
		{
			"name": "NuleistukoApsauga",
			"origin": [8.37415, 3.48703, 7.55],
			"color": 0,
			"nbt": "{}",
			"children": [15, 16, 17, 18]
		}
	]
}