{"sources":[{"type":"single","resource":"arrows:eye_enabled"},{"type":"single","resource":"candy:stage_1/light_gray"},{"type":"single","resource":"candy:stage_1/yellow"},{"type":"single","resource":"candy:stage_1/pink"},{"type":"single","resource":"candy:stage_1/white"},{"type":"single","resource":"candy:stage_1/red"},{"type":"single","resource":"_iainternal:icons/icon_left_blue"},{"type":"single","resource":"_iainternal:icons/icon_cancel"},{"type":"single","resource":"candy:stage_1/green"},{"type":"single","resource":"candy:stage_1/brown"},{"type":"single","resource":"_iainternal:icons/icon_back_orange"},{"type":"single","resource":"candy:stage_1/black"},{"type":"single","resource":"_iainternal:icons/icon_arrow_chest"},{"type":"single","resource":"candy:stage_1/purple"},{"type":"single","resource":"arrows:pixel"},{"type":"single","resource":"candy:stage_1/orange"},{"type":"single","resource":"_iainternal:icons/icon_search"},{"type":"single","resource":"_iainternal:icons/icon_next_orange"},{"type":"single","resource":"_iainternal:icons/icon_right_blue"},{"type":"single","resource":"candy:stage_1/lime"},{"type":"single","resource":"candy:stage_1/blue"},{"type":"single","resource":"candy:stage_1/magenta"},{"type":"single","resource":"arrows:right_enabled"},{"type":"single","resource":"arrows:left_enabled"},{"type":"single","resource":"candy:stage_1/gray"},{"type":"single","resource":"candy:stage_1/cyan"},{"type":"single","resource":"candy:stage_1/light_blue"}]}